species,AccSpeciesID
Abelia grandiflora,18
Abeliophyllum distichum,24
Abies amabilis,30
Abies balsamea,32
Abies bracteata,35
Abies concolor,39
Abies grandis,50
Abies lasiocarpa,56
Abies nordmanniana,62
Abies veitchii,75
Abietinella abietina,271116
Abutilon theophrasti,139
Acaena anserinifolia,676
Acalypha poiretii,271827
Acalypha virginica,750
Acer campestre,797
Acer capillipes,798
Acer cappadocicum,799
Acer carpinifolium,800
Acer circinatum,803
Acer cissifolium,805
Acer glabrum,818
Acer griseum,821
Acer macrophyllum,833
Acer negundo,841
Acer palmatum,849
Acer pensylvanicum,852
Acer pentaphyllum,73422
Acer platanoides,854
Acer pseudoplatanus,855
Acer pycnanthum,73429
Acer rubrum,859
Acer rufinerve,860
Acer saccharinum,861
Acer saccharum,863
Acer spicatum,869
Acer tataricum,873
Achillea alpina,891
Achillea filipendulina,906
Achillea millefolium,909
Achillea ptarmica,916
Achlys triphylla,928
Acmispon denticulatus,999
Aconitum lycoctonum,1027
Acorus calamus,1045
Acorus gramineus,73544
Actaea pachypoda,1131
Actaea racemosa,200831
Actaea rubra,1132
Adenocaulon bicolor,1254
Adiantum aleuticum,201154
Adiantum pedatum,1317
Adlumia fungosa,1359
Aegilops ventricosa,1412
Aegopodium podagraria,1439
Aesculus carnea,1567
Aesculus flava,1569
Aesculus glabra,1570
Aesculus hippocastanum,1571
Aethusa cynapium,1593
Afrocarpus falcatus,1599
Agalinis paupercula,65330
Agalinis tenuifolia,1627
Agastache foeniculum,1653
Agastache nepetoides,1654
Agastache rugosa,1656
Agathis australis,1662
Ageratina altissima,1723
Agoseris glauca,1805
Agrimonia eupatoria,1810
Agrimonia gryposepala,1811
Agrimonia pubescens,1816
Agrimonia striata,64197
Agropyron cristatum,1833
Agrostis canina,1904
Agrostis capillaris,1905
Agrostis exarata,1929
Agrostis gigantea,1937
Agrostis humilis,1956
Agrostis hyemalis,1957
Agrostis perennans,2027
Agrostis scabra,2050
Agrostis stolonifera,2065
Agrostis thurberiana,2078
Ailanthus altissima,2124
Aira caryophyllea,2143
Aira praecox,2147
Ajuga pyramidalis,2170
Ajuga reptans,2172
Albuca bracteata,201897
Alcea rosea,2292
Alchemilla conjuncta,2307
Alchemilla filicaulis,2321
Alchemilla mollis,2348
Alchemilla vulgaris,2389
Alisma gramineum,2471
Alisma lanceolatum,2472
Alisma plantago-aquatica,202078
Alisma subcordatum,64200
Alisma triviale,2476
Allamanda cathartica,2481
Alliaria petiolata,2496
Allium acuminatum,2501
Allium canadense,2514
Allium cernuum,2517
Allium moly,2542
Allium moschatum,74231
Allium schoenoprasum,2566
Allium stellatum,2575
Allium tricoccum,2582
Allium tuberosum,2584
Allium vineale,2590
Allotropa virgata,202235
Alnus alnobetula,2704
Alnus glutinosa,2710
Alnus hirsuta,2711
Alnus incana,2712
Alnus rubra,2726
Alopecurus aequalis,2833
Alopecurus carolinianus,2850
Alopecurus geniculatus,2854
Alopecurus pratensis,2872
Alsia californica,276993
Alyssum montanum,3055
Amaranthus albus,3099
Amaranthus blitoides,3103
Amaranthus blitum,3104
Amaranthus cruentus,3111
Amaranthus hybridus,3120
Amaranthus powellii,3131
Amaranthus retroflexus,3134
Amaranthus tuberculatus,3142
Amblyodon dealbatus,277299
Amblystegium serpens,277306
Ambrosia artemisiifolia,3157
Ambrosia camphorata,202564
Ambrosia psilostachya,3168
Ambrosia trifida,3170
Amelanchier alnifolia,3173
Amelanchier arborea,3174
Amelanchier bartramiana,3176
Amelanchier canadensis,3177
Amelanchier laevis,3183
Amelanchier lamarckii,3184
Amelanchier spicata,3192
Amelanchier stolonifera,74490
Ammophila breviligulata,3220
Amorpha fruticosa,3239
Amorpha nana,3240
Amphicarpaea bracteata,3289
Amphidium californicum,277805
Amphidium lapponicum,277806
Amsonia tabernaemontana,74652
Anacolia menziesii,277954
Ananas comosus,3427
Anaphalis margaritacea,3433
Anastrophyllum assimile,278024
Andreaea blyttii,278265
Andreaea heinemannii,278266
Andreaea megistospora,278267
Andreaea nivalis,278269
Andreaea rothii,278271
Andreaea rupestris,278274
Andromeda polifolia,3515
Andropogon gerardii,3565
Androsace septentrionalis,3652
Anemone cylindrica,3680
Anemone nemorosa,3691
Anemone quinquefolia,3699
Anemone virginiana,3711
Aneura pinguis,278603
Angelica atropurpurea,65562
Angelica sylvestris,3738
Anomodon attenuatus,279193
Antennaria howellii,203304
Antennaria microphylla,64225
Antennaria neglecta,3930
Antennaria parlinii,3931
Antennaria parvifolia,3932
Antennaria pulcherrima,65583
Antennaria rosea,3936
Anthelia julacea,279250
Anthelia juratzkana,279251
Anthemis arvensis,3944
Anthemis cotula,3948
Anthoceros punctatus,102476
Anthoxanthum nitens,203384
Anthoxanthum odoratum,4036
Anthriscus cerefolium,4043
Anthriscus sylvestris,4045
Antirrhinum majus,4128
Antitrichia californica,280190
Antitrichia curtipendula,280191
Apera interrupta,4169
Aphanes arvensis,4185
Aphanes australis,4187
Aphyllon uniflorum,280423
Apios americana,4208
Apocynum androsaemifolium,4236
Apocynum cannabinum,4237
Apocynum floribundum,280512
Aponogeton distachyus,75084
Aquilegia brevistyla,75099
Aquilegia canadensis,4324
Aquilegia formosa,4328
Aquilegia vulgaris,4337
Arabidopsis thaliana,4341
Arabis hirsuta,4357
Aralia cordata,4401
Aralia elata,4403
Aralia hispida,4404
Aralia nudicaulis,4407
Aralia racemosa,4408
Araucaria araucana,4417
Araucaria bidwillii,4418
Araucaria columnaris,4420
Araucaria cunninghamii,4421
Araucaria rulei,4428
Arbutus menziesii,4443
Arbutus unedo,4447
Arceuthobium campylopodum,204160
Arceuthobium pusillum,204178
Arctium lappa,4489
Arctium minus,4491
Arctium tomentosum,4498
Arctoa fulvella,280982
Arctostaphylos columbiana,4505
Arctostaphylos media,281024
Arenaria serpyllifolia,4614
Arethusa bulbosa,4626
Argemone mexicana,4634
Arisaema ciliatum,281804
Arisaema triphyllum,4699
Aristida oligantha,4901
Aristolochia clematitis,75335
Aristolochia macrophylla,5045
Armoracia rusticana,5093
Arnica chamissonis,5098
Arnica cordifolia,5099
Arnica fulgens,64238
Arnica latifolia,64239
Arnica longifolia,5102
Arnica montana,5104
Arnica ovata,204557
Aronia arbutifolia,5108
Aronia melanocarpa,5109
Arrhenatherum elatius,5134
Artemisia absinthium,5155
Artemisia biennis,5172
Artemisia campestris,5176
Artemisia frigida,5187
Artemisia ludoviciana,5208
Artemisia scoparia,5235
Artemisia suksdorfii,5247
Artemisia tridentata,5251
Artemisia vulgaris,5257
Arum italicum,5392
Aruncus dioicus,5395
Asarum canadense,5484
Asarum caudatum,75533
Asarum europaeum,5485
Asclepias curassavica,5498
Asclepias incarnata,5502
Asclepias ovalifolia,5505
Asclepias speciosa,5509
Asclepias syriaca,5512
Asclepias tuberosa,5513
Asclepias verticillata,5514
Asparagus asparagoides,5531
Asparagus officinalis,5540
Aspidotis densa,205212
Asplenium scolopendrium,5693
Asplenium trichomanes,5703
Asplenium viride,5707
Aster tataricus,5773
Astragalus agrestis,64247
Astragalus canadensis,5823
Astragalus cicer,5826
Astragalus flexuosus,5839
Astragalus laxmannii,205686
Astragalus mongholicus,5867
Athyrium americanum,205894
Athyrium asplenioides,205895
Athyrium filix-femina,6006
Atrichum angustatum,284465
Atrichum crispum,284466
Atrichum selwynii,284470
Atrichum undulatum,102515
Atriplex hortensis,6091
Atriplex longipes,6116
Atriplex micrantha,6119
Atriplex nudicaulis,75970
Atriplex patula,6142
Atriplex prostrata,6152
Atriplex rosea,6161
Atriplex subspicata,206011
Atropa belladonna,6192
Aucuba japonica,6215
Aulacomnium acuminatum,284558
Aulacomnium androgynum,284559
Aulacomnium palustre,284561
Aulacomnium turgidum,206062
Avena barbata,6328
Avena fatua,6335
Avena sativa,6342
Axyris amaranthoides,6460
Azolla caroliniana,76094
Azolla filiculoides,6471
Barbarea intermedia,6898
Barbarea orthoceras,76308
Barbarea verna,6902
Barbarea vulgaris,6903
Barbilophozia barbata,285435
Barbilophozia hatcheri,285439
Barbilophozia lycopodioides,285442
Barbula convoluta,285459
Barbula unguiculata,285467
Bartonia paniculata,206730
Bartramia ithyphylla,285682
Bartramia pomiformis,285684
Bartramiopsis lescurii,285688
Bassia scoparia,6962
Bazzania denudata,285805
Bazzania tricrenata,285809
Bazzania trilobata,102570
Beaucarnea recurvata,76381
Beckmannia syzigachne,7061
Bellis perennis,7173
Bellium bellidioides,76486
Berberis aquifolium,7193
Berberis julianae,7215
Berberis microphylla,65989
Berberis nervosa,7218
Berberis repens,7224
Berberis thunbergii,7226
Berberis verruculosa,101796
Berberis vulgaris,7230
Berkheya macrocephala,286432
Berteroa incana,7285
Betula alleghaniensis,7319
Betula grossa,7339
Betula lenta,7341
Betula nigra,7352
Betula papyrifera,7355
Betula pendula,7356
Betula populifolia,7358
Betula pubescens,7359
Betula pumila,7360
Betula utilis,7364
Bidens amplissima,208902
Bidens aurea,66015
Bidens cernua,7387
Bidens connata,7391
Bidens frondosa,7395
Bidens pilosa,7402
Bidens tripartita,7413
Bidens vulgata,7415
Bixa orellana,7479
Blasia pusilla,287112
Blechnum spicant,7523
Blepharostoma trichophyllum,287284
Blindia acuta,287319
Blitum nuttallianum,287321
Boechera calderi,209178
Boechera divaricarpa,209186
Boechera grahamii,209195
Boehmeria cylindrica,7615
Boehmeria nivea,7619
Bolboschoenus fluviatilis,66067
Bolboschoenus maritimus,7655
Boltonia asteroides,7658
Borago officinalis,7725
Botrychium lunaria,7875
Botrychium simplex,7878
Bouteloua curtipendula,7905
Boykinia occidentalis,7943
Brachydontium olympicum,288182
Brachyelytrum aristosum,8119
Brachyelytrum erectum,8120
Brachythecium acuminatum,209652
Brachythecium acutum,288414
Brachythecium albicans,288415
Brachythecium campestre,288419
Brachythecium digastrum,288424
Brachythecium frigidum,288427
Brachythecium hylotapetum,288432
Brachythecium laetum,288433
Brachythecium leibergii,288435
Brachythecium nelsonii,288437
Brachythecium oedipodium,288438
Brachythecium plumosum,288439
Brachythecium populeum,288440
Brachythecium reflexum,288441
Brachythecium rivulare,288443
Brachythecium rotaeanum,288444
Brachythecium rutabulum,102597
Brachythecium salebrosum,102598
Brachythecium velutinum,288450
Brassica juncea,8251
Brassica napus,8255
Brassica nigra,8256
Brassica oleracea,8257
Brassica rapa,8262
Braya humilis,76865
Briza maxima,8360
Bromus anomalus,8404
Bromus berteroanus,8415
Bromus carinatus,8426
Bromus catharticus,8427
Bromus cebadilla,8428
Bromus ciliatus,8431
Bromus commutatus,8433
Bromus danthoniae,8435
Bromus diandrus,8437
Bromus erectus,8440
Bromus hordeaceus,8453
Bromus inermis,8455
Bromus japonicus,8459
Bromus kalmii,8460
Bromus latiglumis,8468
Bromus nottowayanus,8493
Bromus pectinatus,8500
Bromus pubescens,8517
Bromus pumpellianus,8518
Bromus racemosus,8520
Bromus riparius,8525
Bromus rubens,8526
Bromus scoparius,8527
Bromus secalinus,8529
Bromus sitchensis,8537
Bromus striatus,8543
Bromus tectorum,8548
Bromus vulgaris,8563
Brotherella recurvans,102607
Brotherella roellii,288814
Browallia speciosa,8595
Brugmansia suaveolens,66132
Bryhnia novae-angliae,288976
Bryoerythrophyllum recurvirostrum,288986
Bryum argenteum,289028
Bryum caespiticium,289033
Bryum calobryoides,289034
Bryum capillare,289037
Bryum cyclophyllum,289042
Bryum dichotomum,289043
Bryum flaccidum,289046
Bryum gemmiparum,289049
Bryum lisae,289056
Bryum lonchocaulon,289058
Bryum meesioides,289061
Bryum muehlenbeckii,289065
Bryum pallescens,289068
Bryum pseudotriquetrum,289070
Bryum radiculosum,289072
Bryum turbinatum,289084
Bryum violaceum,289087
Bryum weigelii,289089
Bucklandiella heterosticha,289137
Bucklandiella occidentalis,289140
Buddleja davidii,8761
Buglossoides arvensis,8778
Bulbine semibarbata,8792
Butomus umbellatus,8952
Buxbaumia aphylla,289749
Buxbaumia piperi,289751
Buxbaumia viridis,289752
Buxus sempervirens,8964
Cabomba caroliniana,9006
Caiophora chuquitensis,77140
Cakile edentula,9080
Calamagrostis canadensis,9138
Calamagrostis inexpansa,9215
Calamagrostis pickeringii,9276
Calamagrostis stricta,9328
Calceolaria dichotoma,210700
Calendula officinalis,9484
Calla palustris,9492
Calliandra haematocephala,9506
Callicarpa dichotoma,9519
Callicladium haldanianum,291205
Calliergon cordifolium,291208
Calliergonella cuspidata,291216
Calliergonella lindbergii,291217
Calliergon richardsonii,291214
Callitriche heterophylla,9595
Callitriche palustris,9597
Callitriche stagnalis,9601
Callitris rhomboidea,9615
Calluna vulgaris,9621
Calocedrus decurrens,9622
Calopogon tuberosus,77376
Caltha palustris,9768
Calycanthus floridus,9775
Calypogeia fissa,291779
Calypogeia muelleriana,291783
Calypogeia sullivantii,291789
Calystegia sepium,9842
Calystegia silvatica,9843
Calystegia spithamaea,292000
Camelina alyssum,9860
Camelina microcarpa,9864
Camelina sativa,9866
Campanula alaskana,211276
Campanula aparinoides,64284
Campanula lactiflora,9951
Campanula latifolia,9953
Campanula poscharskyana,9962
Campanula rapunculoides,9967
Campanula rotundifolia,9970
Campanula trachelium,9980
Campsis radicans,10014
Campylium chrysophyllum,292529
Campylium hispidulum,292531
Campylium stellatum,292534
Campylopus atrovirens,292608
Campylopus flexuosus,292611
Campylopus fragilis,292612
Campylopus introflexus,292614
Canadanthus modestus,64287
Cannabis sativa,10111
Canna generalis,10107
Canna indica,10108
Capnoides sempervirens,77602
Caragana arborescens,10240
Cardamine bellidifolia,10284
Cardamine breweri,64290
Cardamine bulbosa,10286
Cardamine concatenata,66352
Cardamine corymbosa,10288
Cardamine diphylla,77654
Cardamine flexuosa,10293
Cardamine hirsuta,10295
Cardamine impatiens,10296
Cardamine maxima,77666
Cardamine nuttallii,211588
Cardamine occidentalis,211590
Cardamine oligosperma,10300
Cardamine pensylvanica,64292
Cardamine pratensis,10304
Carduus acanthoides,10331
Carduus nutans,10343
Carex adusta,77711
Carex alopecoidea,66365
Carex amphibola,64295
Carex amplifolia,10359
Carex aquatilis,10364
Carex arcta,10365
Carex arctata,77728
Carex atherodes,10369
Carex atlantica,64298
Carex atratiformis,77733
Carex aurea,10373
Carex bebbii,64300
Carex blanda,64302
Carex bromoides,77742
Carex brunnescens,10392
Carex canescens,10397
Carex capillaris,10399
Carex cephaloidea,77755
Carex cephalophora,10402
Carex cespitosa,211693
Carex communis,77759
Carex comosa,10407
Carex concinna,77762
Carex conoidea,10408
Carex crawfordii,10410
Carex crinita,10411
Carex cristatella,10413
Carex cumulata,77769
Carex debilis,64305
Carex deweyana,64307
Carex diandra,10426
Carex disperma,10432
Carex eburnea,10441
Carex echinata,10442
Carex echinodes,293476
Carex enervis,10448
Carex exilis,77781
Carex exsiccata,211722
Carex flacca,10460
Carex flava,10461
Carex foenea,10462
Carex folliculata,10464
Carex formosa,77791
Carex gracillima,10481
Carex granularis,10483
Carex gravida,77800
Carex grisea,10485
Carex hirsutella,66390
Carex hirta,10497
Carex hirtifolia,77809
Carex hitchcockiana,77810
Carex hookeriana,211743
Carex hormathodes,77811
Carex hystericina,10504
Carex incurviformis,211749
Carex inops,77818
Carex interior,10508
Carex intumescens,10509
Carex lacustris,10525
Carex laeviculmis,10526
Carex lasiocarpa,10531
Carex laxiflora,10534
Carex lenticularis,10535
Carex leporina,10537
Carex leptalea,10538
Carex leptonervia,10539
Carex leptopoda,77834
Carex limosa,10543
Carex livida,10546
Carex lupulina,10552
Carex lurida,10553
Carex lyngbyei,10556
Carex macrochaeta,211772
Carex magellanica,10559
Carex mertensii,10567
Carex michelii,10569
Carex microptera,10571
Carex morrowii,211788
Carex nardina,66400
Carex nigra,10583
Carex nigricans,211794
Carex novae-angliae,77869
Carex obnupta,10587
Carex oederi,211800
Carex pallescens,10601
Carex paniculata,10604
Carex pauciflora,10608
Carex peckii,77880
Carex pedunculata,10611
Carex pellita,66404
Carex pendula,10613
Carex pensylvanica,10614
Carex plantaginea,10622
Carex platyphylla,77885
Carex praegracilis,10627
Carex prairea,77889
Carex praticola,77890
Carex preslii,77891
Carex projecta,10628
Carex pseudocyperus,10632
Carex radiata,66407
Carex retrorsa,10643
Carex rosea,66408
Carex rossii,10646
Carex rostrata,10647
Carex sartwelliana,211840
Carex sartwellii,10653
Carex saxatilis,10654
Carex scabrata,10655
Carex scirpoidea,64331
Carex scoparia,64332
Carex siccata,10664
Carex sparganioides,10667
Carex spectabilis,10668
Carex spicata,10669
Carex sprengelii,66410
Carex stipata,10675
Carex stricta,10677
Carex subbracteata,77924
Carex sylvatica,10682
Carex tenera,10685
Carex tonsa,10688
Carex torreyi,77934
Carex torta,64338
Carex tribuloides,64339
Carex trichocarpa,64340
Carex trisperma,10690
Carex tuckermanii,10692
Carex umbellata,10696
Carex utriculata,10700
Carex vesicaria,10702
Carex vulpinoidea,10705
Carpinus betulus,10773
Carpinus caroliniana,10774
Carrierea calycina,10804
Carum carvi,10820
Carya aquatica,10827
Carya cordiformis,10829
Carya laciniosa,10834
Carya ovata,10839
Cassiope mertensiana,11035
Cassiope tetragona,11037
Castanea dentata,11063
Castanea sativa,11068
Castanopsis javanica,11095
Castilleja coccinea,11139
Castilleja hispida,11143
Castilleja miniata,11148
Castilleja parviflora,212258
Castilleja rhexifolia,11152
Catalpa speciosa,11189
Catharanthus roseus,11199
Caulophyllum giganteum,212464
Caulophyllum thalictroides,11246
Ceanothus americanus,11287
Ceanothus impressus,11306
Ceanothus thyrsiflorus,11329
Cedrus atlantica,11381
Cedrus deodara,11383
Cedrus libani,11384
Celastrus orbiculatus,11403
Celastrus scandens,11407
Celtis occidentalis,11497
Cenchrus longispinus,11535
Centaurea debeauxii,11569
Centaurea decipiens,78282
Centaurea jacea,11583
Centaurea macrocephala,11589
Centaurea montana,11593
Centaurea nigra,11598
Centaurea stoebe,11626
Centaurium erythraea,11635
Centaurium pulchellum,11640
Centella asiatica,11648
Centranthus ruber,11669
Cephalanthus occidentalis,11719
Cephalotaxus harringtonia,11765
Cephalozia bicuspidata,295843
Cephaloziella divaricata,295867
Cerastium arvense,11771
Cerastium fontanum,11781
Cerastium glomeratum,11783
Cerastium nutans,212893
Cerastium semidecandrum,11800
Cerastium tomentosum,11806
Ceratodon purpureus,296009
Ceratophyllum demersum,11831
Cercidiphyllum japonicum,11849
Cercis canadensis,11853
Cerinthe major,11877
Chaenorhinum minus,11928
Chamaecyparis lawsoniana,11983
Chamaecyparis obtusa,11985
Chamaecyparis pisifera,11986
Chamaedaphne calyculata,12027
Chara aspera,213440
Chasmanthium latifolium,12100
Chelidonium majus,12151
Chelone glabra,12153
Chelone lyonii,78642
Chelone obliqua,78643
Chenopodiastrum hybridum,297000
Chenopodiastrum simplex,297002
Chenopodium album,12159
Chenopodium berlandieri,12169
Chenopodium desiccatum,12182
Chenopodium giganteum,12189
Chenopodium strictum,12238
Chiloscyphus pallescens,297106
Chiloscyphus polyanthos,297108
Chimaphila menziesii,12264
Chimaphila umbellata,12265
Choisya ternata,66607
Chrysolepis chrysophylla,12643
Chrysosplenium americanum,12745
Cicer arietinum,12906
Cichorium intybus,12917
Cicuta bulbifera,12921
Cicuta douglasii,12922
Cicuta maculata,12923
Cinclidium stygium,298024
Cinna arundinacea,12937
Cinna latifolia,12939
Circaea alpina,13005
Cirsium arvense,13016
Cirsium brevistylum,13019
Cirsium discolor,13026
Cirsium edule,214344
Cirsium flodmanii,13035
Cirsium muticum,13046
Cirsium vulgare,13072
Citrullus lanatus,13193
Claopodium bolanderi,298665
Claopodium crispifolium,298666
Claopodium whippleanum,298668
Clarkia unguiculata,13278
Claytonia caroliniana,79004
Claytonia sibirica,13312
Claytonia virginica,13313
Clematis cirrhosa,13372
Clematis dioica,13373
Clematis occidentalis,66705
Clematis tangutica,13406
Clematis terniflora,13407
Clematis virginiana,13411
Clematis vitalba,13413
Clematis viticella,13414
Clerodendrum trichotomum,13495
Climacium dendroides,299501
Clinopodium serpyllifolium,79113
Clintonia borealis,13564
Clintonia uniflora,13566
Cochlearia groenlandica,79180
Codriophorus aciculare,300286
Codriophorus varius,300289
Coelogyne cristata,79213
Colchicum autumnale,13878
Collomia linearis,13912
Cololejeunea macounii,300760
Comandra umbellata,13993
Comarum palustre,64975
Commelina communis,14080
Comptonia peregrina,14154
Conioselinum chinense,14182
Conium maculatum,14183
Conocephalum conicum,301407
Conocephalum salebrosum,301408
Conoclinium coelestinum,64366
Conostomum tetragonum,301441
Conringia orientalis,14232
Convallaria majalis,14240
Convolvulus arvensis,14244
Coptis trifolia,66868
Corallorhiza maculata,14366
Corallorhiza mertensiana,216144
Corallorhiza striata,66872
Corallorhiza trifida,14367
Corema conradii,79538
Coreopsis lanceolata,14505
Coreopsis tinctoria,14511
Corispermum americanum,216542
Corispermum hookeri,216544
Corispermum villosum,14545
Cornus alba,14553
Cornus alternifolia,14555
Cornus amomum,14556
Cornus canadensis,14563
Cornus florida,14574
Cornus foemina,14575
Cornus mas,14580
Cornus nuttallii,14584
Cornus racemosa,14593
Cornus rugosa,14594
Cornus sanguinea,14595
Cornus sericea,14597
Cornus unalaschkensis,79585
Cornus walteri,14605
Corrigiola litoralis,14638
Cortaderia selloana,14656
Corydalis aurea,66905
Corydalis scouleri,216605
Corydalis solida,14680
Corylopsis sinensis,14684
Corylus avellana,14688
Corylus cornuta,14692
Cosmos bipinnatus,14768
Cota tinctoria,216684
Cotinus coggygria,14789
Cotoneaster bullatus,14798
Cotoneaster crispii,302483
Cotoneaster franchetii,14806
Cotoneaster horizontalis,14809
Cotoneaster lacteus,14812
Cotoneaster lucidus,216695
Cotoneaster rehderi,79767
Cotoneaster salicifolius,14828
Cotoneaster sternianus,216703
Cotula coronopifolia,14843
Crataegus canadensis,302972
Crataegus chrysocarpa,15064
Crataegus coccinioides,79884
Crataegus corusca,302987
Crataegus crus-galli,15068
Crataegus douglasii,15072
Crataegus flabellata,79886
Crataegus holmesiana,303037
Crataegus intricata,15076
Crataegus irrasa,303054
Crataegus laevigata,15080
Crataegus macrosperma,303083
Crataegus mollis,15089
Crataegus monogyna,15090
Crataegus pedicellata,15099
Crataegus persimilis,79891
Crataegus phaenopyrum,15101
Crataegus pringlei,303135
Crataegus punctata,15106
Crataegus scabrida,303159
Crataegus submollis,66961
Crataegus suborbiculata,303178
Crataegus succulenta,15118
Cratoneuron filicinum,303243
Crepis capillaris,15174
Crepis runcinata,64387
Crepis setosa,15198
Crepis tectorum,15203
Crocosmia crocosmiiflora,15231
Crocus chrysanthus,15238
Crocus vernus,15247
Croptilon divaricatum,217046
Cryptogramma acrostichoides,218300
Cryptogramma cascadensis,218301
Cryptomeria japonica,15791
Cryptotaenia canadensis,15801
Cucumis melo,15845
Cunninghamia lanceolata,15884
Cuphea ignea,15914
Cupressus arizonica,15925
Cuscuta curta,305377
Cuscuta epithymum,15970
Cuscuta gronovii,15973
Cuscuta indecora,80227
Cuscuta pentagona,67055
Cycas circinalis,16105
Cycas revoluta,16108
Cyclachaena xanthiifolia,218986
Cycloloma atriplicifolium,16137
Cymbalaria muralis,16165
Cymbopogon nardus,16220
Cynodontium jenneri,306015
Cynodontium polycarpum,306017
Cynoglossum officinale,16302
Cynosurus cristatus,16337
Cynosurus echinatus,16338
Cyperus esculentus,16385
Cyperus fuscus,16395
Cyperus odoratus,16427
Cyperus schweinitzii,16447
Cyperus strigosus,16454
Cypripedium acaule,16549
Cypripedium calceolus,16550
Cypripedium montanum,16552
Cypripedium parviflorum,80614
Cypripedium reginae,80616
Cyrtomnium hymenophylloides,307174
Cystopteris bulbifera,219523
Cystopteris fragilis,16606
Cystopteris tenuis,219529
Cytisus scoparius,16641
Dacrydium cupressinum,16660
Dactylis glomerata,16700
Dactylorhiza viridis,219607
Dahlia pinnata,16748
Dalea candida,16817
Dalea purpurea,16836
Danthonia spicata,16919
Daphne laureola,16958
Daphne mezereum,16960
Dasiphora fruticosa,80787
Datura innoxia,17027
Datura stramonium,17034
Datura wrightii,17037
Daucus carota,17041
Davidia involucrata,17057
Decodon verticillatus,17104
Delphinium exaltatum,17156
Dendroalsia abietina,308341
Dendrolycopodium dendroideum,80892
Dendrolycopodium obscurum,80895
Dennstaedtia punctilobula,17325
Deparia acrostichoides,17333
Deschampsia cespitosa,17365
Deschampsia elongata,17372
Descurainia incana,67248
Descurainia pinnata,17409
Descurainia sophia,17412
Desmodium canadense,17436
Desmodium glutinosum,17451
Deutzia gracilis,64421
Deutzia scabra,17514
Dianthus armeria,17584
Dianthus barbatus,17585
Dianthus deltoides,17594
Dianthus plumarius,17616
Dicentra canadensis,17649
Dicentra cucullaria,17651
Dicentra formosa,17652
Dichelyma capillaceum,309174
Dichelyma pallescens,309176
Dichelyma uncinatum,309177
Dichodontium olympicum,309181
Dichodontium pellucidum,309182
Dicranella cerviculata,309353
Dicranella heteromalla,309355
Dicranella pacifica,309358
Dicranella rufescens,309360
Dicranella schreberiana,309361
Dicranella varia,309364
Dicranodontium denudatum,309367
Dicranostigma leptopodum,17793
Dicranoweisia cirrata,309433
Dicranoweisia crispula,309434
Dicranum flagellare,309441
Dicranum fulvum,309443
Dicranum fuscescens,309444
Dicranum howellii,309447
Dicranum majus,309449
Dicranum muehlenbeckii,309452
Dicranum pallidisetum,309454
Dicranum polysetum,58061
Dicranum scoparium,309456
Dicranum spurium,309458
Dicranum tauricum,309459
Dicranum undulatum,102783
Dicranum viride,309460
Didymodon fallax,309547
Didymodon tophaceus,309566
Didymodon vinealis,309567
Diervilla lonicera,17850
Digitalis lutea,17862
Digitalis purpurea,17868
Digitaria ischaemum,18003
Digitaria sanguinalis,18103
Dioon purpusii,81246
Dioscorea sylvatica,18405
Diospyros kaki,18516
Diospyros multiflora,310527
Diphasiastrum alpinum,18642
Diphasiastrum complanatum,18643
Diphasiastrum digitatum,81421
Diphasiastrum sitchense,81431
Diphasiastrum tristachyum,18646
Diphyscium foliosum,310749
Diplophyllum albicans,310871
Diplophyllum obtusifolium,310878
Diplophyllum taxifolium,310880
Diplotaxis muralis,18711
Diplotaxis tenuifolia,18714
Dipsacus asper,311023
Dirca palustris,18810
Disanthus cercidifolius,18850
Discelium nudum,311121
Distichium capillaceum,311357
Distichium hagenii,311359
Distichlis spicata,18978
Ditrichum flexicaule,311435
Ditrichum heteromallum,311436
Ditrichum montanum,311438
Ditrichum pusillum,311440
Ditrichum schimperi,311442
Dittrichia graveolens,18990
Dodecatheon meadia,19016
Doellingeria umbellata,81641
Doronicum pardalianches,19154
Doryopteris raddiana,311896
Douinia ovata,311915
Draba nemorosa,19225
Draba reptans,19230
Draba stenoloba,221914
Draba verna,19236
Dracocephalum parviflorum,19252
Drepanocladus aduncus,312286
Drepanocladus longifolius,312291
Drepanocladus sendtneri,312294
Drosera anglica,19325
Drosera intermedia,19339
Drosera rotundifolia,19347
Dryopteris arguta,222075
Dryopteris boottii,312655
Dryopteris campyloptera,222077
Dryopteris carthusiana,19406
Dryopteris clintoniana,222081
Dryopteris cristata,19408
Dryopteris dilatata,19410
Dryopteris expansa,19412
Dryopteris filix-mas,19413
Dryopteris fragrans,81878
Dryopteris goldiana,19414
Dryopteris intermedia,19416
Dryopteris marginalis,19421
Dulichium arundinaceum,19546
Dysphania ambrosioides,81989
Echinacea purpurea,19707
Echinochloa crus-galli,19722
Echinochloa muricata,19740
Echinocystis lobata,19760
Echinops exaltatus,19782
Echinops ritro,19791
Echinops sphaerocephalus,19794
Echium vulgare,19822
Egeria densa,19845
Elaeagnus angustifolia,19914
Elaeagnus commutata,19916
Elaeagnus umbellata,19926
Elatine minima,82173
Eleocharis acicularis,20070
Eleocharis compressa,64460
Eleocharis elliptica,82209
Eleocharis erythropoda,20086
Eleocharis macrostachya,20096
Eleocharis obtusa,20101
Eleocharis palustris,20105
Eleocharis quinqueflora,20110
Eleocharis tenuis,64463
Eleocharis uniglumis,20118
Eleusine indica,20139
Elliottia pyroliflora,64464
Elodea canadensis,20186
Elsholtzia stauntonii,82248
Elymus canadensis,20242
Elymus glaucus,20290
Elymus hystrix,314779
Elymus maltei,314786
Elymus repens,20359
Elymus smithii,20386
Elymus spicatus,20389
Elymus villosus,20417
Elymus virginicus,20418
Empetrum nigrum,20484
Encalypta ciliata,314972
Encalypta procera,314977
Encephalartos barteri,82297
Enkianthus campanulatus,82403
Enkianthus perulatus,20614
Entodon cladorrhizans,315257
Entodon concinnus,315259
Entodon schleicheri,315263
Ephedra gerardiana,20759
Ephedra sinica,20767
Epifagus virginiana,20790
Epigaea repens,20791
Epilobium anagallidifolium,20800
Epilobium angustifolium,20801
Epilobium ciliatum,20816
Epilobium coloratum,20818
Epilobium hirsutum,20845
Epilobium lactiflorum,20851
Epilobium latifolium,20858
Epilobium leptophyllum,20859
Epilobium montanum,20863
Epilobium obscurum,20871
Epipactis helleborine,20911
Epipterygium tozeri,316019
Equisetum arvense,20927
Equisetum fluviatile,20929
Equisetum hyemale,20931
Equisetum litorale,20932
Equisetum nelsonii,316055
Equisetum palustre,20934
Equisetum pratense,20935
Equisetum scirpoides,20937
Equisetum sylvaticum,20939
Equisetum telmateia,20940
Equisetum trachyodon,20941
Equisetum variegatum,20942
Eragrostis cilianensis,21038
Eragrostis frankii,21101
Eragrostis minor,21194
Eragrostis multicaulis,21203
Eragrostis pectinacea,21234
Eranthis hyemalis,21394
Erica abietina,67609
Erica lusitanica,21578
Erigeron annuus,21627
Erigeron canadensis,21638
Erigeron glabellus,21651
Erigeron glacialis,224504
Erigeron karvinskianus,21656
Erigeron nivalis,224547
Erigeron peregrinus,21663
Erigeron philadelphicus,21664
Erigeron speciosus,21672
Erigeron strigosus,21673
Eriocaulon aquaticum,21688
Eriogonum latifolium,21775
Eriophorum angustifolium,21805
Eriophorum chamissonis,82819
Eriophorum tenellum,82822
Eriophorum vaginatum,21816
Eriophorum virginicum,64481
Eriophorum viridicarinatum,82823
Eriophyllum lanatum,21819
Erodium cicutarium,21900
Erodium moschatum,21910
Erucastrum gallicum,21935
Eruca vesicaria,21921
Erysimum cheiranthoides,21995
Erysimum hieraciifolium,22013
Erysimum inconspicuum,22015
Erythranthe caespitosa,318083
Erythranthe guttata,225081
Erythranthe lewisii,318090
Erythranthe moschata,318092
Erythronium americanum,22122
Erythronium oregonum,82917
Escallonia rubra,67752
Eschscholzia californica,22236
Eubotrys racemosa,101961
Eucalyptus pauciflora,22720
Euonymus alatus,23252
Euonymus europaeus,23260
Euonymus fortunei,23262
Eupatorium cannabinum,23289
Eupatorium perfoliatum,23314
Euphorbia amygdaloides,23331
Euphorbia characias,23368
Euphorbia cyparissias,23387
Euphorbia davidii,226016
Euphorbia esula,23414
Euphorbia glyptosperma,23428
Euphorbia helioscopia,23444
Euphorbia heterophylla,23446
Euphorbia lathyris,23476
Euphorbia maculata,23490
Euphorbia marginata,23494
Euphorbia myrsinites,23513
Euphorbia nutans,23519
Euphorbia peplus,23536
Euphorbia polygonifolia,23552
Euphorbia serpens,23582
Euphorbia serpillifolia,227039
Euphorbia spathulata,23591
Euphorbia stricta,23596
Euphorbia vermiculata,23623
Euphrasia nemorosa,23657
Euphrasia officinalis,23658
Eurhynchium hians,319802
Eurhynchium oreganum,319803
Eurhynchium praelongum,319804
Eurhynchium pulchellum,319805
Eurya japonica,23712
Eurybia chlorolepis,227657
Eurybia macrophylla,64496
Eurybia sibirica,83329
Euthamia graminifolia,23772
Eutrema salsugineum,227697
Eutrochium maculatum,320094
Exacum affine,23790
Fagopyrum esculentum,23874
Fagus grandifolia,23898
Fagus orientalis,23903
Fagus sylvatica,23906
Fallopia cilinodis,227848
Fallopia convolvulus,23920
Fallopia scandens,67900
Fargesia nitida,23998
Fatsia japonica,24052
Fauria crista-galli,227909
Festuca filiformis,24317
Festuca occidentalis,24497
Festuca ovina,24510
Festuca rubra,24604
Festuca subulata,24649
Festuca subverticillata,24652
Festuca trachyphylla,24679
Ficaria verna,83492
Ficus religiosa,24916
Filipendula purpurea,83554
Fissidens adianthoides,321120
Fissidens bryoides,321127
Fissidens osmundoides,321148
Fissidens pauperculus,321149
Fissidens taxifolius,321158
Fitzroya cupressoides,25079
Floerkea proserpinacoides,25121
Foeniculum vulgare,25139
Fontinalis antipyretica,321325
Fontinalis neomexicana,321336
Fontinalis novae-angliae,321337
Forsythia intermedia,25187
Forsythia viridissima,25190
Fothergilla gardenii,64508
Fothergilla major,25198
Fragaria ananassa,25204
Fragaria vesca,25213
Fragaria virginiana,25214
Francoa appendiculata,67974
Frangula alnus,25217
Frangula purshiana,64511
Fraxinus americana,25239
Fraxinus angustifolia,25240
Fraxinus excelsior,25247
Fraxinus nigra,25256
Fraxinus ornus,25258
Fraxinus pennsylvanica,25263
Freesia laxa,83703
Fremontodendron californicum,25280
Fritillaria affinis,25297
Fritillaria camschatcensis,229000
Fritillaria imperialis,25304
Frullania asagrayana,321670
Frullania bolanderi,321671
Frullania californica,321673
Frullania eboracensis,321680
Frullania franciscana,321683
Frullania hattoriana,321686
Frullania nisquallensis,321693
Frullania oakesiana,321694
Frullania tamarisci,321702
Fuchsia magellanica,25329
Fuchsia microphylla,25330
Fumaria barnolae,321792
Fumaria bastardii,25349
Fumaria martinii,67997
Fumaria muralis,25353
Fumaria officinalis,25355
Funaria hygrometrica,321807
Gaillardia aristata,25417
Gaillardia pulchella,25422
Galanthus elwesii,25436
Galanthus nivalis,25438
Galearis spectabilis,83865
Galega officinalis,25451
Galeopsis bifida,25467
Galeopsis speciosa,25472
Galeopsis tetrahit,25473
Galinsoga parviflora,25477
Galinsoga quadriradiata,25478
Galium aparine,25487
Galium asprellum,64517
Galium boreale,25495
Galium circaezans,25500
Galium glaucum,25515
Galium labradoricum,25518
Galium lanceolatum,229576
Galium mollugo,25526
Galium odoratum,25533
Galium palustre,25535
Galium tinctorium,64519
Galium trifidum,25567
Galium triflorum,25568
Galium verum,25573
Gasteria carinata,25763
Gaultheria hispidula,25794
Gaultheria humifusa,25795
Gaultheria ovatifolia,84007
Gaultheria procumbens,25804
Gaultheria shallon,25811
Gaylussacia baccata,25824
Gaylussacia dumosa,25827
Gentiana glauca,68086
Gentiana sceptrum,25989
Gentianella amarella,25999
Gentianopsis crinita,68095
Gentianopsis macounii,230821
Geocalyx graveolens,323253
Geocaulon lividum,84126
Geranium bicknellii,26045
Geranium carolinianum,26048
Geranium dissectum,26052
Geranium endressii,26054
Geranium lucidum,26063
Geranium maculatum,26065
Geranium magniflorum,323428
Geranium molle,26069
Geranium pratense,26081
Geranium pusillum,26083
Geranium pyrenaicum,26084
Geranium richardsonii,26087
Geranium robertianum,26089
Geranium sanguineum,26092
Geranium sibiricum,26094
Geum aleppicum,26130
Geum calthifolium,230959
Geum canadense,26134
Geum laciniatum,64526
Geum macrophyllum,26139
Geum rivale,26145
Geum urbanum,26152
Gilia capitata,26230
Ginkgo biloba,26255
Glechoma hederacea,26336
Gleditsia triacanthos,26351
Gloriosa superba,26425
Glyceria borealis,26464
Glyceria canadensis,26465
Glyceria declinata,26469
Glyceria elata,26472
Glyceria fluitans,26473
Glyceria grandis,26475
Glyceria maxima,26483
Glyceria melicaria,26484
Glyceria obtusa,26490
Glyceria occidentalis,26491
Glyceria septentrionalis,26496
Glyceria striata,26499
Glycine max,26507
Glycyrrhiza lepidota,26523
Glyptostrobus pensilis,26538
Gnaphalium uliginosum,26581
Gnetum gnemon,26585
Gomesa longipes,231382
Goodyera oblongifolia,26750
Goodyera pubescens,26751
Goodyera tesselata,231562
Grimmia anomala,325832
Grimmia donniana,325836
Grimmia pulvinata,325858
Grimmia ramondii,325859
Grimmia teretinervis,325861
Grimmia torquata,325862
Grimmia trichophylla,325864
Grindelia hirsutula,68277
Grindelia squarrosa,27050
Guizotia abyssinica,27246
Gymnocarpium dryopteris,27329
Gymnocladus dioica,27334
Gymnocolea inflata,326637
Gymnomitrion concinnatum,326646
Gymnomitrion obtusum,326650
Gymnostomum calcareum,326755
Gypsophila elegans,27387
Gypsophila paniculata,27391
Gyrothyra underwoodiana,326897
Hackelia deflexa,68314
Hackelia virginiana,27544
Halerpestes cymbalaria,27699
Hamamelis mollis,63071
Hamamelis vernalis,27809
Hamamelis virginiana,27810
Haplocladium microphyllum,327822
Harpanthus scutatus,327924
Hedeoma pulegioides,27985
Hedera colchica,27987
Hedera helix,27988
Hedera hibernica,85390
Hedwigia ciliata,328266
Helenium autumnale,28084
Helenium flexuosum,64532
Helianthus annuus,28128
Helianthus decapetalus,328529
Helianthus giganteus,28137
Helianthus laetiflorus,28142
Helianthus maximiliani,28143
Helianthus nuttallii,28147
Helianthus pauciflorus,68387
Helianthus petiolaris,28149
Helianthus strumosus,28155
Helianthus tuberosus,28156
Heliopsis helianthoides,28340
Helleborus niger,28385
Helodium blandowii,329219
Helodium paludosum,329221
Hemerocallis fulva,28408
Hemitomes congestum,233105
Hepatica nobilis,28459
Heracleum mantegazzianum,28468
Heracleum sphondylium,28473
Herbertus aduncus,329443
Herbertus sakuraii,329448
Herzogiella seligeri,329661
Herzogiella striatella,329662
Herzogiella turfacea,329663
Hesperis matronalis,28585
Heteranthera dubia,68490
Heterocladium dimorphum,329829
Heterocladium macounii,329832
Heteromeles arbutifolia,28615
Heuchera americana,28665
Heuchera glabra,233370
Heuchera micrantha,28667
Hibiscus cannabinus,28746
Hibiscus trionum,28826
Hieracium lachenalii,330497
Hieracium maculatum,28978
Hieracium murorum,28985
Hieracium sabaudum,29044
Hieracium umbellatum,29079
Hippophae rhamnoides,233697
Hippuris vulgaris,29227
Holcus lanatus,29305
Holodiscus discolor,29319
Holosteum umbellatum,29324
Homalia trichomanoides,331094
Homalothecium fulgescens,331226
Homalothecium lutescens,331227
Homalothecium nevadense,331228
Homalothecium nuttallii,331229
Homomallium adnatum,331236
Honckenya peploides,29423
Hookeria lucens,331267
Hordeum brachyantherum,29503
Hordeum jubatum,29525
Hordeum murinum,29530
Hosackia gracilis,29587
Houstonia caerulea,29598
Houttuynia cordata,29601
Hudsonia ericoides,68580
Humulus lupulus,29681
Huperzia lucidula,86328
Huperzia miyoshiana,86343
Huperzia selago,29690
Hyacinthoides hispanica,29695
Hyacinthus orientalis,29697
Hydrangea arborescens,29728
Hydrangea macrophylla,29735
Hydrastis canadensis,86479
Hydrocotyle americana,234081
Hydrocotyle ranunculoides,29761
Hydrophyllum virginianum,29776
Hygroamblystegium fluviatile,331992
Hygroamblystegium tenax,331994
Hygrobiella laxifolia,331996
Hygrohypnum alpestre,331997
Hygrohypnum eugyrium,332003
Hygrohypnum luridum,332004
Hygrohypnum molle,332006
Hygrohypnum ochraceum,332009
Hygrohypnum smithii,332011
Hylocomiastrum pyrenaicum,332052
Hylocomiastrum umbratum,332053
Hylocomium splendens,58538
Hylotelephium telephium,234153
Hymenophyllum wrightii,234244
Hymenostylium recurvirostrum,332320
Hyoscyamus niger,29883
Hypericum anagalloides,29957
Hypericum androsaemum,29958
Hypericum boreale,29962
Hypericum canadense,29964
Hypericum maculatum,30000
Hypericum majus,30001
Hypericum perforatum,30010
Hypericum punctatum,64565
Hypnum callichroum,332538
Hypnum circinale,332539
Hypnum cupressiforme,332540
Hypnum curvifolium,332545
Hypnum fertile,332547
Hypnum imponens,332551
Hypnum pallescens,332554
Hypnum pratense,332557
Hypnum subimponens,332562
Hypochaeris maculata,30050
Hypochaeris radicata,30052
Hyssopus officinalis,30135
Iberis umbellata,30171
Ilex aquifolium,30228
Ilex crenata,30253
Ilex glabra,30269
Ilex mucronata,68664
Ilex opaca,30308
Ilex pedunculosa,30313
Ilex pernyi,68665
Ilex serrata,30330
Ilex verticillata,30347
Impatiens balfourii,30375
Impatiens balsamina,30376
Impatiens capensis,30380
Impatiens glandulifera,30385
Impatiens pallida,30395
Impatiens parviflora,30396
Inula helenium,30677
Ipomoea purpurea,30791
Iris germanica,30854
Iris pseudacorus,30870
Iris tenax,64573
Iris versicolor,30884
Isatis tinctoria,31014
Isoetes echinospora,31149
Isoetes nuttallii,87204
Isoetes occidentalis,87205
Isoetes riparia,68775
Isoetes tuckermanii,235262
Isolepis cernua,31156
Isopterygiopsis pulchella,334508
Isothecium alopecuroides,334520
Isothecium cristatum,334521
Isothecium myosuroides,334523
Isotoma fluviatilis,31198
Jacaranda mimosifolia,31268
Jacobaea vulgaris,235402
Jasione montana,31323
Juglans cinerea,31418
Juglans nigra,31425
Juncus acuminatus,31443
Juncus alpinoarticulatus,31446
Juncus articulatus,31454
Juncus balticus,31457
Juncus bolanderi,31459
Juncus brachycephalus,64576
Juncus brevicaudatus,31461
Juncus bufonius,31464
Juncus canadensis,31466
Juncus compressus,31471
Juncus conglomeratus,31473
Juncus drummondii,31477
Juncus dudleyi,31478
Juncus effusus,31479
Juncus ensifolius,31480
Juncus filiformis,31483
Juncus gerardii,31487
Juncus hesperius,87481
Juncus inflexus,31490
Juncus laccatus,335462
Juncus longistylis,64578
Juncus mertensianus,31497
Juncus nodosus,31504
Juncus pelocarpus,31512
Juncus pylaei,87495
Juncus ranarius,31517
Juncus subcaudatus,64583
Juncus supiniformis,235629
Juncus tenuis,31529
Juncus torreyi,31530
Jungermannia atrovirens,335572
Jungermannia confertissima,335575
Jungermannia exsertifolia,335578
Jungermannia obovata,335586
Jungermannia pumila,335588
Jungermannia rubra,335591
Juniperus chinensis,31554
Juniperus communis,31556
Juniperus horizontalis,31565
Juniperus scopulorum,31590
Juniperus virginiana,31598
Justicia americana,64585
Kalmia angustifolia,31681
Kalmia latifolia,31684
Kalmia microphylla,31685
Kalmia polifolia,31686
Kedrostis nana,87571
Kerria japonica,31745
Kiaeria blyttii,336249
Kiaeria falcata,336250
Kiaeria starkei,336252
Knautia arvensis,31809
Kniphofia uvaria,31862
Koelreuteria paniculata,31956
Kolkwitzia amabilis,31981
Kurzia setacea,336712
Laburnum anagyroides,32075
Laburnum watereri,32077
Lactuca biennis,32107
Lactuca canadensis,32109
Lactuca muralis,32120
Lactuca sativa,32128
Lactuca serriola,32132
Lamium amplexicaule,32230
Lamium galeobdolon,32235
Lamium maculatum,32240
Lamium orvala,32244
Lamium purpureum,32245
Laportea canadensis,32333
Lappula squarrosa,32355
Lapsana communis,32357
Larix decidua,32364
Larix laricina,32372
Larix occidentalis,32376
Lasthenia maritima,236772
Lathyrus clymenum,32469
Lathyrus davidii,32470
Lathyrus graminifolius,87993
Lathyrus inconspicuus,32479
Lathyrus japonicus,32481
Lathyrus latifolius,32484
Lathyrus ochroleucus,32491
Lathyrus odoratus,32493
Lathyrus palustris,32496
Lathyrus pratensis,32499
Lathyrus pubescens,337522
Lathyrus sativus,32503
Lathyrus sylvestris,32509
Lathyrus tingitanus,32510
Lathyrus venosus,32514
Lavandula angustifolia,32547
Lechea intermedia,236971
Leersia oryzoides,32666
Leersia virginica,32672
Legousia speculum-veneris,32679
Lemna minor,32703
Lemna minuta,32704
Lemna trisulca,32705
Leontopodium nivale,237120
Leonurus cardiaca,32747
Lepidium aucheri,69057
Lepidium campestre,32771
Lepidium coronopus,237342
Lepidium densiflorum,32774
Lepidium didymum,88228
Lepidium latifolium,32784
Lepidium montanum,32787
Lepidium perfoliatum,32795
Lepidium ramosissimum,32800
Lepidium ruderale,32801
Lepidium sativum,32802
Lepidium virginicum,32810
Lepidozia reptans,339161
Leptarrhena pyrolifolia,69070
Leptinella squalida,237434
Leptobryum pyriforme,339244
Leptodictyum riparium,339282
Lescuraea saxicola,339520
Leskea obscura,339524
Leskea polycarpa,339525
Leskeella nervosa,339526
Lespedeza capitata,33011
Leucanthemella serotina,33137
Leucanthemum maximum,33149
Leucanthemum vulgare,33153
Leucobryum glaucum,102896
Leucodon brachypus,339841
Leymus mollis,33256
Liatris aspera,33264
Liatris cylindracea,33265
Liatris ligulistylis,69157
Liatris scariosa,33269
Liatris spicata,33271
Ligusticum scoticum,33413
Lilaeopsis occidentalis,88513
Lilium canadense,88518
Lilium columbianum,33436
Lilium lancifolium,88530
Lilium martagon,33444
Lilium michiganense,88538
Lilium philadelphicum,33447
Limonium carolinianum,64608
Limosella aquatica,33507
Linaria dalmatica,33530
Linaria maroccana,33536
Linaria purpurea,33541
Linaria vulgaris,33555
Lindera benzoin,33566
Lindernia dubia,33589
Linnaea borealis,33616
Linum grandiflorum,33637
Linum medium,33644
Linum tenuifolium,33659
Linum usitatissimum,33662
Lipandra polysperma,340952
Liparis loeselii,33672
Liquidambar styraciflua,33704
Liriodendron tulipifera,33707
Lithocarpus glaber,33745
Lithospermum caroliniense,33802
Lithospermum incisum,33804
Lithospermum officinale,33806
Lobelia angulata,88926
Lobelia cardinalis,33928
Lobelia dortmanna,33934
Lobelia inflata,33950
Lobelia kalmii,33952
Lobelia siphilitica,33971
Lobelia spicata,33973
Lobularia maritima,33990
Loeskeobryum brevirostre,341939
Lolium multiflorum,34016
Lolium perenne,34017
Lomatium utriculatum,34064
Lomatogonium rotatum,88981
Lonicera bella,34116
Lonicera canadensis,34119
Lonicera ciliosa,34124
Lonicera dioica,34127
Lonicera involucrata,34140
Lonicera minutiflora,342166
Lonicera oblongifolia,34151
Lonicera periclymenum,34153
Lonicera tatarica,34165
Lonicera xylosteum,34168
Lophocolea bidentata,342220
Lophocolea heterophylla,342222
Lophocolea minor,342226
Lophozia ascendens,342270
Lophozia bicrenata,342274
Lophozia guttulata,342295
Lophozia incisa,342302
Lophozia obtusa,342309
Lophozia sudetica,342320
Lophozia ventricosa,342323
Lophozia wenzelii,342329
Lophoziopsis excisa,342331
Lotus corniculatus,34249
Lotus pedunculatus,34281
Ludwigia palustris,34363
Luetkea pectinata,34389
Lunaria annua,34408
Lunularia cruciata,102931
Lupinus arcticus,34419
Lupinus bicolor,34423
Lupinus densiflorus,34428
Lupinus littoralis,89105
Lupinus perennis,34452
Lupinus polyphyllus,34455
Lupinus rivularis,34459
Luzula campestris,34480
Luzula comosa,34484
Luzula glabrata,34493
Luzula lutea,34497
Luzula parviflora,34508
Luzula pilosa,34509
Luzula spicata,34515
Lycium barbarum,34544
Lycopodiella inundata,34577
Lycopodium clavatum,34585
Lycopodium lagopus,89221
Lycopus americanus,34603
Lycopus asper,34604
Lycopus europaeus,34605
Lycopus laurentianus,239071
Lycopus uniflorus,34608
Lycopus virginicus,34609
Lygodesmia juncea,239080
Lygodium japonicum,34618
Lysichiton americanus,34639
Lysimachia ciliata,34651
Lysimachia clethroides,34652
Lysimachia europaea,239104
Lysimachia maritima,103160
Lysimachia nummularia,34660
Lysimachia punctata,34661
Lysimachia quadrifolia,34662
Lysimachia terrestris,34664
Lysimachia thyrsiflora,34665
Lysimachia vulgaris,34666
Lythrum salicaria,34676
Madia glomerata,34958
Madia gracilis,34959
Madia sativa,34963
Magnolia campbellii,35018
Magnolia cavaleriei,89507
Magnolia dawsoniana,35025
Magnolia denudata,35027
Magnolia ernestii,239438
Magnolia grandiflora,35032
Magnolia insignis,89521
Magnolia kobus,35037
Magnolia liliiflora,89524
Magnolia loebneri,35040
Magnolia macrophylla,35042
Magnolia obovata,35045
Magnolia officinalis,35046
Magnolia salicifolia,35052
Magnolia sargentiana,35054
Magnolia sieboldii,35056
Magnolia soulangeana,35058
Magnolia sprengeri,35061
Magnolia stellata,35062
Magnolia tripetala,35063
Magnolia virginiana,35065
Magnolia wilsonii,35066
Maianthemum canadense,35087
Maianthemum dilatatum,35088
Maianthemum racemosum,35089
Maianthemum stellatum,35090
Maianthemum trifolium,89565
Malaxis monophyllos,35140
Malaxis unifolia,239581
Malesherbia fasciculata,35161
Malus baccata,35225
Malus coronaria,35227
Malus florentina,35231
Malus fusca,35233
Malus pumila,35246
Malus sylvestris,35256
Malva moschata,35268
Malva neglecta,35269
Malva parviflora,35271
Malva pusilla,35272
Malva sylvestris,35274
Maranta leuconeura,89783
Marchantia polymorpha,240158
Marrubium vulgare,35556
Marsupella condensata,345852
Marsupella emarginata,345853
Marsupella sparsifolia,345859
Marsupella sphacelata,345860
Matricaria chamomilla,35671
Matricaria discoidea,35672
Matteuccia struthiopteris,35682
Maytenus boaria,35725
Meconopsis betonicifolia,35782
Meconopsis dhwojii,35784
Meconopsis horridula,35787
Meconopsis paniculata,35791
Meconopsis villosa,35794
Medeola virginiana,35799
Medicago falcata,35814
Medicago lupulina,35825
Medicago papillosa,35833
Medicago sativa,35846
Meesia uliginosa,346724
Meiotrichum lyallii,346836
Melampyrum lineare,35988
Melica altissima,36057
Melilotus albus,36115
Melilotus officinalis,36128
Melissa officinalis,36165
Menispermum canadense,36256
Mentha aquatica,36265
Mentha arvensis,36266
Mentha canadensis,90365
Mentha pulegium,36277
Mentha spicata,36282
Menyanthes trifoliata,36302
Mercurialis annua,36306
Mertensia paniculata,347779
Mertensia virginica,36344
Mespilus germanica,36364
Metaneckera menziesii,347936
Metasequoia glyptostroboides,36382
Metzgeria conjugata,348002
Metzgeria furcata,348006
Metzgeria temperata,348013
Micranthes ferruginea,241569
Micranthes lyallii,241576
Micranthes nelsoniana,348614
Micranthes tolmiei,241593
Microbiota decussata,90511
Milium effusum,36750
Mimulus ringens,36871
Mirabilis jalapa,36930
Mirabilis nyctaginea,349894
Miscanthus sacchariflorus,36947
Miscanthus sinensis,36948
Mitchella repens,36965
Mitella diphylla,36967
Mitella nuda,36968
Mitella pentandra,69712
Mnium ambiguum,350091
Mnium blyttii,350093
Mnium hornum,350094
Mnium lycopodioides,350095
Mnium spinulosum,350098
Mnium stellare,350099
Moehringia lateriflora,37009
Moenchia erecta,37012
Moerckia blyttii,350116
Molinia caerulea,37025
Mollugo verticillata,37049
Monarda didyma,37101
Monarda fistulosa,37102
Moneses uniflora,37120
Monochoria vaginalis,69739
Mononeuria groenlandica,350460
Monotropa uniflora,37184
Montia howellii,242844
Montia parvifolia,90824
Morella pensylvanica,64660
Morus alba,37299
Morus nigra,37313
Muhlenbergia asperifolia,64662
Muhlenbergia mexicana,37401
Muhlenbergia uniflora,64669
Muscari armeniacum,37452
Muscari botryoides,37454
Muscari neglectum,37458
Mylia anomala,351470
Mylia taylorii,351471
Myosotis arvensis,37495
Myosotis laxa,37500
Myosotis scorpioides,37506
Myosotis sylvatica,37514
Myrica gale,37586
Myriophyllum aquaticum,37610
Myriophyllum heterophyllum,37613
Myriophyllum sibiricum,91130
Myriophyllum spicatum,37615
Myriophyllum verticillatum,37616
Myrrhis odorata,37669
Nabalus albus,243492
Nabalus racemosus,243496
Nabalus trifoliolatus,243500
Najas flexilis,37721
Narcissus poeticus,37745
Narcissus pseudonarcissus,37746
Nardia geoscyphus,352427
Nardia japonica,352430
Nardia scalaris,352432
Nasturtium microphyllum,37767
Nasturtium officinale,37768
Navarretia intertexta,37801
Neckera douglasii,352697
Neckera pennata,103259
Neottia banksiana,243842
Neottia bifolia,243843
Neottia cordata,91427
Nepeta camphorata,243900
Nepeta cataria,38037
Nepeta grandiflora,38042
Nepeta nervosa,244004
Neslia paniculata,38136
Nicandra physalodes,38185
Nicotiana longiflora,91555
Nigella damascena,38227
Niphotrichum canescens,353741
Nolana paradoxa,38263
Nothofagus antarctica,38310
Nothofagus dombeyi,38317
Nothofagus obliqua,38327
Notholithocarpus densiflorus,244314
Nowellia curvifolia,354296
Nuphar rubrodisca,91646
Nuphar variegata,69941
Nuttallanthus canadensis,244416
Nymphaea odorata,38387
Nymphoides cordata,91657
Nymphoides peltata,38398
Oclemena acuminata,91695
Oclemena nemoralis,244494
Odontoschisma denudatum,354876
Odontoschisma gibbsiae,354879
Oemleria cerasiformis,38662
Oenanthe sarmentosa,38674
Oenothera biennis,38688
Oenothera fruticosa,38717
Oenothera glazioviana,38718
Oenothera oakesiana,38741
Oenothera parviflora,38747
Oenothera perennis,38748
Oenothera villosa,38776
Olearia macrodonta,91808
Olearia virgata,38893
Oligotrichum aligerum,355264
Oligotrichum hercynicum,355266
Oligotrichum parallelum,355267
Oncidium sphacelatum,91841
Oncophorus virens,355506
Oncophorus wahlenbergii,355507
Onoclea sensibilis,38979
Onopordum acanthium,39002
Ophioglossum petiolatum,91906
Oplopanax horridus,70023
Oreopteris limbosperma,39201
Origanum dictamnus,356320
Origanum vulgare,39210
Ornithogalum umbellatum,39286
Ornithopus perpusillus,39289
Orthilia secunda,39339
Orthotrichum anomalum,356830
Orthotrichum consimile,356833
Orthotrichum cupulatum,356834
Orthotrichum diaphanum,356836
Orthotrichum lyellii,356846
Orthotrichum obtusifolium,356847
Orthotrichum pulchellum,356855
Orthotrichum rupestre,356861
Orthotrichum speciosum,356864
Orthotrichum stellatum,356867
Orthotrichum striatum,356870
Oryzopsis asperifolia,39383
Oryzopsis racemosa,92084
Osmanthus decorus,70071
Osmanthus heterophyllus,39403
Osmorhiza berteroi,70072
Osmorhiza longistylis,39419
Osmunda regalis,39427
Osmundastrum cinnamomeum,39429
Ostrya virginiana,39473
Oxalis acetosella,39564
Oxalis corniculata,39576
Oxalis dillenii,39581
Oxalis oregana,39592
Oxybasis glauca,357761
Oxybasis rubra,357762
Oxydendrum arboreum,39624
Pachysandra terminalis,39760
Packera indecora,246255
Packera macounii,246258
Packera pauciflora,246263
Packera paupercula,92260
Packera schweinitziana,246267
Packera streptanthifolia,246269
Pallavicinia lyellii,358602
Palustriella commutata,358628
Panax pseudoginseng,92331
Panax trifolius,92333
Panicum acuminatum,39933
Panicum boreale,92374
Panicum capillare,39959
Panicum depauperatum,92388
Panicum dichotomiflorum,39973
Panicum flexile,39985
Panicum latifolium,92397
Panicum linearifolium,40021
Panicum miliaceum,40033
Panicum oligosanthes,40050
Panicum virgatum,40121
Panicum xanthophysum,92439
Papaver bracteatum,40142
Papaver cambricum,246862
Papaver dubium,40152
Papaver fugax,40155
Papaver pilosum,40186
Papaver rhoeas,40195
Papaver somniferum,40199
Paraleucobryum enerve,359652
Paraleucobryum longifolium,359653
Parathelypteris noveboracensis,246969
Parietaria pensylvanica,40308
Parnassia fimbriata,40378
Parrotia persica,40403
Parthenocissus quinquefolia,40428
Parthenocissus tricuspidata,40430
Passiflora caerulea,92613
Passiflora gracilis,247386
Pastinaca sativa,40533
Paulownia tomentosa,40581
Paxistima myrsinites,70252
Pedicularis bracteosa,70253
Pedicularis canadensis,40687
Pedicularis racemosa,70257
Pelargonium hortorum,92710
Pellia epiphylla,361232
Pellia neesiana,361234
Penstemon davidsonii,40895
Penstemon digitalis,64724
Penstemon hirsutus,40908
Penstemon procerus,40920
Penstemon serrulatus,70308
Pentagramma triangularis,248764
Penthorum sedoides,41008
Peperomia fraseri,92800
Perilla frutescens,41102
Persicaria amphibia,41183
Persicaria hydropiper,41190
Persicaria lapathifolia,41191
Persicaria longiseta,102167
Persicaria maculosa,41193
Persicaria nepalensis,92892
Persicaria orientalis,41195
Persicaria pensylvanica,41196
Persicaria sagittata,92895
Persicaria virginiana,41200
Petasites frigidus,41262
Petasites hybridus,41263
Petasites japonicus,41264
Petunia atkinsiana,363128
Petunia axillaris,70371
Petunia integrifolia,41319
Phacelia campanularia,93017
Phacelia franklinii,70380
Phacelia sericea,41398
Phalaris arundinacea,41425
Phalaris canariensis,41427
Phaseolus vulgaris,41459
Phedimus aizoon,363492
Phegopteris connectilis,41470
Phellodendron amurense,41473
Philadelphus coronarius,41481
Philadelphus lewisii,41485
Philadelphus pubescens,70409
Philonotis capillaris,363855
Philonotis fontana,103363
Phleum alpinum,41540
Phleum pratense,41549
Phlomis russeliana,93127
Phlox diffusa,41576
Phlox longifolia,41582
Phlox paniculata,41584
Phlox pilosa,41585
Phlox subulata,64737
Phormium tenax,41640
Photinia floribunda,41647
Phragmites australis,41658
Phryma leptostachya,41665
Phyllodoce empetriformis,41808
Phyllostachys aurea,41812
Phyllostachys nigra,41815
Physalis heterophylla,41840
Physaria arenosa,250523
Physcomitrium pyriforme,365160
Physocarpus capitatus,41859
Physocarpus opulifolius,41861
Physostegia ledinghamii,250614
Physostegia virginiana,41870
Phytolacca americana,41897
Phytolacca bogotensis,250630
Picea abies,41907
Picea glauca,41920
Picea mariana,41927
Picea omorika,41934
Picea pungens,41937
Picea rubens,41939
Picea sitchensis,41942
Pieris japonica,41982
Pilea fontana,93384
Pilea pumila,41993
Pilosella aurantiaca,42011
Pilosella caespitosa,93393
Pilosella floribunda,250996
Pilosella officinarum,42016
Pilosella piloselloides,251030
Pilosella praealta,93394
Pinellia tripartita,365537
Pinguicula macroceras,251219
Pinus armandii,42096
Pinus banksiana,42100
Pinus contorta,42110
Pinus flexilis,42124
Pinus monticola,42156
Pinus nigra,42159
Pinus ponderosa,42168
Pinus resinosa,42175
Pinus strobus,42184
Pinus sylvestris,42185
Pinus wallichiana,42199
Pistia stratiotes,42359
Pisum sativum,42360
Plagiochila asplenioides,366603
Plagiochila porelloides,366621
Plagiochila satoi,366623
Plagiomnium ciliare,366646
Plagiomnium cuspidatum,366647
Plagiomnium insigne,366651
Plagiomnium medium,366652
Plagiomnium undulatum,366655
Plagiomnium venustum,366656
Plagiothecium cavifolium,366697
Plagiothecium denticulatum,366698
Plagiothecium laetum,366700
Plagiothecium piliferum,366704
Plagiothecium undulatum,61727
Plantago lanceolata,42541
Plantago major,42544
Plantago maritima,42545
Plantago media,42546
Plantago rugelii,42559
Platanthera clavellata,252832
Platanthera dilatata,70546
Platanthera elegans,42576
Platanthera flava,252840
Platanthera grandiflora,252841
Platanthera hookeri,252842
Platanthera hyperborea,93690
Platanthera lacera,252846
Platanthera orbiculata,252854
Platanthera psycodes,252858
Platanthera stricta,252860
Platanus hispanica,42581
Platanus occidentalis,42585
Platycodon grandiflorus,93702
Platydictya jungermannioides,367045
Platygyrium repens,367053
Platyhypnidium riparioides,367056
Plectranthus argentatus,70553
Pleuridium acuminatum,367560
Pleurozium schreberi,61785
Poa alsodes,93837
Poa angustifolia,42804
Poa annua,42805
Poa compressa,42822
Poa infirma,42843
Poa interior,42844
Poa marcida,253446
Poa nemoralis,42863
Poa palustris,42865
Poa paucispicula,253488
Poa pratensis,42870
Poa saltuensis,70605
Poa secunda,42879
Poa trivialis,42893
Podocarpus elatus,42915
Podocarpus lawrencei,42935
Podocarpus nivalis,42943
Podophyllum peltatum,42974
Podostemum ceratophyllum,70616
Pogonatum contortum,368212
Pogonatum dentatum,368213
Pogonatum urnigerum,368218
Pogonia ophioglossoides,43005
Pohlia annotina,368263
Pohlia atropurpurea,368264
Pohlia cruda,368273
Pohlia filum,368279
Pohlia lescuriana,368280
Pohlia longibracteata,368281
Pohlia ludwigii,368284
Pohlia melanodon,368286
Pohlia nutans,368287
Pohlia proligera,368290
Pohlia wahlenbergii,368294
Polanisia dodecandra,70621
Polycarpon tetraphyllum,43098
Polygala sanguinea,43170
Polygala senega,43174
Polygaloides paucifolia,368797
Polygonatum biflorum,43200
Polygonatum multiflorum,43204
Polygonatum pubescens,43208
Polygonum achoreum,253985
Polygonum arenastrum,43218
Polygonum aviculare,43221
Polygonum douglasii,43237
Polygonum erectum,43240
Polygonum fowleri,254003
Polygonum minimum,254016
Polygonum nuttallii,254017
Polygonum ramosissimum,43275
Polygonum spergulariiforme,254034
Polypodium amorphum,254065
Polypodium appalachianum,254066
Polypodium glycyrrhiza,254084
Polypodium virginianum,43322
Polypogon monspeliensis,43328
Polystichum acrostichoides,43405
Polystichum andersonii,254277
Polystichum braunii,43407
Polystichum lonchitis,43410
Polystichum munitum,43413
Polytrichastrum alpinum,369265
Polytrichastrum ohioense,369270
Polytrichastrum pallidisetum,369271
Polytrichastrum sexangulare,369273
Polytrichum commune,61672
Polytrichum juniperinum,61682
Polytrichum piliferum,103414
Polytrichum strictum,369278
Pontederia cordata,43476
Populus alba,43493
Populus balsamifera,43495
Populus berolinensis,43496
Populus canadensis,43498
Populus canescens,43500
Populus deltoides,43504
Populus grandidentata,43510
Populus nigra,43519
Populus tremuloides,43533
Porella cordaeana,369466
Porella navicularis,369469
Porella pinnata,369470
Porella platyphylla,369471
Porella roellii,369472
Portulaca grandiflora,43566
Portulaca oleracea,43573
Potamogeton alpinus,43597
Potamogeton amplifolius,64768
Potamogeton berchtoldii,43599
Potamogeton confervoides,94212
Potamogeton crispus,43603
Potamogeton epihydrus,43606
Potamogeton foliosus,64770
Potamogeton friesii,43609
Potamogeton gramineus,43610
Potamogeton hagstroemii,369676
Potamogeton illinoensis,43612
Potamogeton natans,43614
Potamogeton nodosus,43616
Potamogeton perfoliatus,43620
Potamogeton pusillus,43623
Potamogeton richardsonii,43624
Potamogeton robbinsii,64771
Potamogeton spirillus,94215
Potentilla anglica,43636
Potentilla argentea,43638
Potentilla canadensis,43647
Potentilla flabellifolia,254577
Potentilla hyparctica,43679
Potentilla indica,70679
Potentilla intermedia,43683
Potentilla norvegica,43700
Potentilla recta,43715
Potentilla simplex,43721
Potentilla villosa,43738
Primula malacoides,44056
Prosartes hookeri,254966
Prosartes trachycarpa,94563
Prosthechea cochleata,94578
Prunella vulgaris,44289
Prunus americana,44294
Prunus avium,44304
Prunus cerasifera,44319
Prunus domestica,44335
Prunus dulcis,44336
Prunus emarginata,44337
Prunus laurocerasus,44364
Prunus lusitanica,44367
Prunus mume,44379
Prunus nigra,64786
Prunus padus,44388
Prunus pensylvanica,44391
Prunus persica,44392
Prunus pugetensis,370796
Prunus sargentii,44411
Prunus serotina,44414
Prunus serrulata,44416
Prunus spinosa,44422
Prunus subhirtella,44426
Prunus tomentosa,44429
Pseudobryum cinclidioides,371000
Pseudocrossidium hornschuchianum,371024
Pseudofumaria lutea,44511
Pseudognaphalium macounii,64788
Pseudognaphalium thermale,371075
Pseudoleskea atricha,371096
Pseudoleskea patens,371103
Pseudoleskea radicosa,371104
Pseudoleskea stenophylla,371109
Pseudosasa japonica,44555
Pseudoscleropodium purum,255355
Pseudotaxiphyllum elegans,371219
Pseudotsuga macrocarpa,44566
Pseudotsuga menziesii,44567
Pseudowintera colorata,44574
Psoralea argophylla,44631
Ptelea trifoliata,44791
Pteridium aquilinum,44805
Pterigynandrum filiforme,372528
Pterocarya pterocarpa,372590
Pterocarya stenoptera,44866
Pterogonium gracile,372653
Ptilidium californicum,372958
Ptilidium ciliare,372959
Ptilidium pulcherrimum,372960
Ptilium crista-castrensis,103458
Ptychomitrium gardneri,373016
Puccinellia distans,45001
Puccinellia maritima,45008
Puccinellia nuttalliana,45010
Pulmonaria affinis,95079
Pulmonaria angustifolia,45034
Pulmonaria officinalis,45040
Pulmonaria saccharata,45042
Puschkinia scilloides,45120
Pycnanthemum incanum,95114
Pycnanthemum virginianum,45136
Pylaisia polyantha,373624
Pyracantha coccinea,45163
Pyrola asarifolia,45183
Pyrola chlorantha,45184
Pyrola elliptica,45185
Pyrola picta,95152
Pyrus calleryana,45230
Pyrus communis,45232
Pyrus elaeagnifolia,45236
Quercus acutissima,45312
Quercus alba,45315
Quercus bicolor,45326
Quercus coccinea,45349
Quercus garryana,45383
Quercus hypoleucoides,45401
Quercus ilex,45402
Quercus lobata,45420
Quercus macranthera,45423
Quercus macrocarpa,45424
Quercus petraea,45457
Quercus robur,45470
Quercus rubra,45473
Quercus velutina,45501
Quercus virginiana,45503
Racomitrium canescens,374329
Racomitrium lanuginosum,374330
Racomitrium macounii,374331
Racomitrium muticum,374333
Radula bolanderi,374447
Radula complanata,374449
Ranunculus abortivus,45584
Ranunculus acris,45587
Ranunculus aquatilis,45597
Ranunculus circinatus,45620
Ranunculus eschscholtzii,45631
Ranunculus flammula,45634
Ranunculus longirostris,374658
Ranunculus pensylvanicus,45708
Ranunculus recurvatus,45736
Ranunculus repens,45737
Ranunculus reptans,45738
Ranunculus rhomboideus,45740
Ranunculus sceleratus,45748
Ranunculus trichophyllus,45763
Ranunculus uncinatus,45765
Raphanus raphanistrum,45800
Raphanus sativus,256926
Rapistrum rugosum,45813
Ratibida columnifera,45819
Ratibida pinnata,45820
Regnellidium diphyllum,70946
Reseda lutea,45914
Reseda luteola,45915
Reynoutria japonica,45956
Reynoutria sachalinensis,45957
Rhamnus cathartica,45983
Rhaphiolepis indica,46029
Rheum rhabarbarum,46057
Rhinanthus minor,46078
Rhizomnium appalachianum,375521
Rhizomnium glabrescens,375522
Rhizomnium gracile,375523
Rhizomnium magnifolium,375524
Rhizomnium nudum,375525
Rhizomnium punctatum,375527
Rhodiola rosea,257207
Rhodobryum roseum,375593
Rhododendron albiflorum,64811
Rhododendron augustinii,95773
Rhododendron aureum,46150
Rhododendron auriculatum,95774
Rhododendron calostrotum,375661
Rhododendron camtschaticum,70990
Rhododendron canadense,46160
Rhododendron canescens,46161
Rhododendron decorum,46170
Rhododendron degronianum,95800
Rhododendron eudoxum,375715
Rhododendron fulvum,95812
Rhododendron haematodes,95816
Rhododendron hemsleyanum,95819
Rhododendron impeditum,375768
Rhododendron indicum,46186
Rhododendron oreotrephes,70993
Rhododendron ponticum,46226
Rhododendron prinophyllum,46227
Rhododendron prunifolium,257239
Rhododendron saluenense,95883
Rhododendron sanguineum,95884
Rhododendron schlippenbachii,46233
Rhododendron thayerianum,95898
Rhododendron trichanthum,375987
Rhododendron wardii,95908
Rhododendron yunnanense,95913
Rhus aromatica,46301
Rhus glabra,46319
Rhus typhina,46375
Rhynchospora alba,46449
Rhynchospora fusca,46459
Rhytidiadelphus loreus,376501
Rhytidiadelphus squarrosus,376502
Rhytidiadelphus subpinnatus,376503
Rhytidiadelphus triquetrus,376504
Rhytidiopsis robusta,376505
Ribes acerifolium,257609
Ribes americanum,46487
Ribes aureum,46488
Ribes bracteosum,95993
Ribes cynosbati,46493
Ribes diacanthum,46495
Ribes divaricatum,46496
Ribes glandulosum,96001
Ribes hirtellum,46502
Ribes lacustre,46507
Ribes lobbii,96011
Ribes nigrum,46517
Ribes oxyacanthoides,46520
Ribes rubrum,46527
Ribes sanguineum,46528
Ribes triste,64823
Riccardia latifrons,376567
Riccardia multifida,376570
Riccardia palmata,376572
Riccia glauca,376591
Robinia hispida,46617
Robinia pseudoacacia,46621
Robinia viscosa,46624
Roellia roellii,377137
Romanzoffia sitchensis,257828
Rorippa curvipes,96156
Rorippa curvisiliqua,46698
Rorippa indica,71064
Rorippa islandica,46702
Rorippa palustris,46710
Rorippa sylvestris,46713
Rosa acicularis,46715
Rosa arkansana,46720
Rosa blanda,46724
Rosa carolina,46729
Rosa chinensis,46732
Rosa glauca,46745
Rosa gymnocarpa,46746
Rosa multiflora,46762
Rosa nutkana,46764
Rosa palustris,46767
Rosa rubiginosa,46780
Rosa rugosa,46782
Rosa virginiana,46804
Rosa woodsii,46807
Rubus allegheniensis,46896
Rubus arcticus,64828
Rubus armeniacus,46918
Rubus bifrons,46934
Rubus canadensis,46953
Rubus chamaemorus,46963
Rubus corchorifolius,46982
Rubus heterophyllus,258168
Rubus hispidus,47113
Rubus idaeus,47124
Rubus laciniatus,47152
Rubus leucodermis,377699
Rubus occidentalis,47237
Rubus odoratus,47238
Rubus parviflorus,47254
Rubus pedatus,258321
Rubus pubescens,47290
Rubus setosus,258408
Rubus spectabilis,47354
Rubus ursinus,47394
Rubus vestitus,47399
Rudbeckia hirta,47416
Rudbeckia laciniata,47417
Rudbeckia triloba,71131
Rumex acetosella,47452
Rumex crispus,47468
Rumex longifolius,47488
Rumex obtusifolius,47498
Rumex occidentalis,47499
Rumex orbiculatus,378008
Rumex patientia,47501
Rumex thyrsiflorus,47518
Rumex triangulivalvis,71155
Rumex verticillatus,47522
Ruppia maritima,47527
Ruscus aculeatus,47558
Ruscus hypoglossum,47559
Saelania glaucescens,378368
Sagina apetala,47695
Sagina decumbens,47698
Sagina japonica,47699
Sagina maxima,47701
Sagina nodosa,47704
Sagina procumbens,47706
Sagittaria cuneata,47709
Sagittaria graminea,96466
Sagittaria latifolia,47711
Sagittaria rigida,96468
Sagittaria sagittifolia,47714
Salicornia pacifica,378474
Salix alba,47776
Salix amygdaloides,47781
Salix arctica,47788
Salix babylonica,47792
Salix barclayi,64838
Salix barrattiana,47794
Salix bebbiana,47795
Salix candida,47804
Salix cordata,47816
Salix discolor,47823
Salix eriocephala,47828
Salix exigua,47832
Salix fragilis,47835
Salix hookeriana,64843
Salix humilis,47857
Salix interior,47859
Salix lucida,47874
Salix maccalliana,259000
Salix nigra,47893
Salix nivalis,259006
Salix pedicellaris,96575
Salix pendulina,47901
Salix pentandra,47902
Salix petiolaris,47904
Salix polaris,47910
Salix prolixa,64848
Salix pseudomonticola,259012
Salix pseudomyrsinites,259013
Salix purpurea,47913
Salix pyrifolia,47914
Salix reticulata,47919
Salix scouleriana,47928
Salix sepulcralis,378676
Salix serissima,71212
Salix sitchensis,47936
Salix triandra,47948
Salvia microphylla,96667
Salvia nemorosa,48145
Salvia officinalis,48147
Salvia reflexa,48158
Sambucus canadensis,48199
Sambucus ebulus,48201
Sambucus nigra,48206
Sambucus racemosa,48209
Sanguinaria canadensis,48228
Sanguisorba canadensis,48230
Sanicula europaea,48244
Sanicula marilandica,48247
Sanicula odorata,71242
Sanionia uncinata,103549
Santolina chamaecyparissus,48303
Saponaria officinalis,48362
Sarracenia purpurea,48449
Sasa palmata,48455
Sasa veitchii,48457
Saururus cernuus,48546
Saxegothaea conspicua,48578
Saxifraga cespitosa,48593
Saxifraga mertensiana,71267
Scapania americana,380337
Scapania bolanderi,380340
Scapania glaucocephala,380354
Scapania irrigua,380359
Scapania scandica,380378
Scapania subalpina,380384
Scapania umbrosa,380386
Scapania undulata,380387
Sceptridium dissectum,380466
Schistidium agassizii,381044
Schistidium apocarpum,381046
Schistidium dupretii,381050
Schistidium maritimum,381054
Schistidium papillosum,381056
Schistidium rivulare,381057
Schistostega pennata,381071
Schizachne purpurascens,48845
Schoenoplectiella smithii,259806
Schoenoplectus acutus,64857
Schoenoplectus americanus,71300
Schoenoplectus pungens,48930
Schoenoplectus subterminalis,259816
Schoenoplectus tabernaemontani,48933
Scilla bifolia,49008
Scilla forbesii,97202
Scilla luciliae,97205
Scilla siberica,49017
Scirpus atrocinctus,49032
Scirpus atrovirens,49033
Scirpus cyperinus,49038
Scirpus hattorianus,97224
Scirpus microcarpus,49059
Scleranthus annuus,49087
Scleria verticillata,49120
Scleropodium cespitans,381929
Scleropodium obtusifolium,381932
Scleropodium touretii,381933
Scolochloa festucacea,49181
Scopolia carniolica,49196
Scorzonera hispanica,49211
Scorzoneroides autumnalis,260043
Scouleria aquatica,382032
Scrophularia lanceolata,49232
Scrophularia marilandica,71339
Scrophularia nodosa,49239
Scutellaria galericulata,49261
Scutellaria lateriflora,49264
Scutellaria parvula,49270
Secale montanum,49322
Securigera varia,49348
Sedum acre,49361
Sedum divergens,260228
Sedum oreganum,260254
Sedum sarmentosum,49397
Sedum sexangulare,49399
Sedum spathulifolium,49401
Selaginella wallacei,260422
Sematophyllum demissum,382954
Sematophyllum marylandicum,382955
Senecio eremophilus,64875
Senecio fremontii,260535
Senecio lugens,260576
Senecio nemorensis,49591
Senecio squalidus,49622
Senecio sylvaticus,49629
Senecio triangularis,49631
Senecio viscosus,49637
Senecio vulgaris,49638
Sequoiadendron giganteum,49729
Sequoia sempervirens,49727
Setaria faberi,49858
Setaria italica,49872
Setaria verticillata,49903
Setaria viridis,49905
Shepherdia argentea,49910
Shepherdia canadensis,49911
Sherardia arvensis,49914
Shibataea kumasaca,97640
Sibbaldia procumbens,50054
Sibbaldia tridentata,384544
Sicyos angulatus,50061
Silene acaulis,50170
Silene antirrhina,50175
Silene coronaria,50201
Silene dioica,50209
Silene flos-cuculi,50220
Silene gallica,50224
Silene hampeana,384895
Silene latifolia,50239
Silene menziesii,50248
Silene noctiflora,50257
Silene vulgaris,50304
Silphium perfoliatum,50309
Silybum marianum,50313
Sinacalia tangutica,97794
Sinapis alba,50347
Sinapis arvensis,50348
Sisymbrium altissimum,50412
Sisymbrium austriacum,50415
Sisymbrium loeselii,50424
Sisymbrium officinale,50427
Sisymbrium orientale,50428
Sisyrinchium angustifolium,50443
Sisyrinchium montanum,50468
Sisyrinchium mucronatum,97944
Sium suave,50489
Smilax herbacea,50569
Smilax lasioneura,50574
Smyrnium olusatrum,50600
Solanum americanum,50625
Solanum angustifolium,262079
Solanum dulcamara,50679
Solanum lycopersicum,50734
Solanum nigrum,262593
Solanum physalifolium,50772
Solanum ptychanthum,71590
Solanum virginianum,50846
Soleirolia soleirolii,50859
Solidago altissima,262973
Solidago bicolor,262979
Solidago caesia,64888
Solidago canadensis,50873
Solidago flexicaulis,64890
Solidago gigantea,50876
Solidago hispida,263000
Solidago juncea,50881
Solidago macrophylla,50883
Solidago missouriensis,50885
Solidago multiradiata,50887
Solidago nemoralis,50889
Solidago patula,64892
Solidago petiolaris,50891
Solidago puberula,98186
Solidago rigida,50893
Solidago rugosa,50894
Solidago sempervirens,50896
Solidago squarrosa,263032
Solidago uliginosa,64893
Soliva sessilis,50907
Sonchus arvensis,50913
Sonchus asper,50914
Sonchus oleraceus,50929
Sorbaria sorbifolia,50982
Sorbus americana,50990
Sorbus aucuparia,50997
Sorbus scopulina,51101
Sorbus sitchensis,51105
Sorghastrum nutans,51135
Sorghum bicolor,51142
Sparganium americanum,64894
Sparganium angustifolium,51202
Sparganium emersum,51203
Sparganium eurycarpum,51205
Sparganium natans,51208
Spartium junceum,51228
Spergula arvensis,51244
Spergularia canadensis,98364
Spergularia marina,51257
Spergularia rubra,51261
Sphagnum angermanicum,386704
Sphagnum angustifolium,65017
Sphagnum capillifolium,103633
Sphagnum centrale,386712
Sphagnum compactum,263362
Sphagnum cuspidatum,65019
Sphagnum fallax,65020
Sphagnum fimbriatum,65021
Sphagnum fuscum,65022
Sphagnum girgensohnii,103634
Sphagnum henryense,386721
Sphagnum macrophyllum,386729
Sphagnum magellanicum,65023
Sphagnum mendocinum,386731
Sphagnum pacificum,386739
Sphagnum palustre,60231
Sphagnum papillosum,65024
Sphagnum platyphyllum,386741
Sphagnum pulchrum,386743
Sphagnum recurvum,60232
Sphagnum rubellum,65026
Sphagnum russowii,386748
Sphagnum squarrosum,65027
Sphagnum subsecundum,386755
Sphagnum subtile,386756
Sphagnum tenellum,263365
Sphagnum warnstorfii,65029
Sphagnum wulfianum,386764
Sphenopholis intermedia,71665
Spinacia oleracea,51355
Spinulum annotinum,98422
Spiraea alba,51363
Spiraea douglasii,51382
Spiraea japonica,51387
Spiraea rosthornii,98442
Spiraea splendens,263446
Spiraea thunbergii,51397
Spiraea tomentosa,51398
Spiranthes casei,263461
Spiranthes cernua,51406
Spiranthes lacera,263467
Spiranthes lucida,263471
Spiranthes magnicamporum,263472
Spiranthes romanzoffiana,51407
Spirodela polyrhiza,51411
Sporobolus compositus,64897
Sporobolus cryptandrus,51454
Sporobolus heterolepis,51464
Sporobolus neglectus,51480
Sporobolus vaginiflorus,51507
Stachys arvensis,51535
Stachys byzantina,51537
Stachys chamissonis,51538
Stachys hispida,263571
Stachys mexicana,263576
Stachys palustris,51554
Stachys pilosa,98541
Stachyurus chinensis,51572
Stachyurus praecox,51574
Staphylea colchica,51595
Staphylea trifolia,51599
Stellaria alsine,263868
Stellaria borealis,51619
Stellaria crispa,51623
Stellaria graminea,51627
Stellaria humifusa,98610
Stellaria longifolia,51631
Stellaria longipes,51632
Stellaria media,51634
Stipa comata,51870
Stranvaesia davidiana,264342
Streptopus amplexifolius,52040
Streptopus lanceolatus,264383
Strophostyles helvola,52093
Stuckenia filiformis,64905
Stuckenia pectinata,98812
Stylophorum diphyllum,52198
Suaeda calceoliformis,52280
Subularia aquatica,52336
Symphoricarpos albus,52513
Symphoricarpos occidentalis,52516
Symphyotrichum ascendens,64909
Symphyotrichum boreale,264873
Symphyotrichum chilense,64910
Symphyotrichum ciliatum,98993
Symphyotrichum ciliolatum,98994
Symphyotrichum dumosum,264883
Symphyotrichum eatonii,264885
Symphyotrichum ericoides,71835
Symphyotrichum falcatum,64912
Symphyotrichum laeve,64914
Symphyotrichum lanceolatum,64915
Symphyotrichum lateriflorum,64916
Symphyotrichum novae-angliae,71836
Symphyotrichum novi-belgii,64917
Symphyotrichum ontarionis,264910
Symphyotrichum pilosum,64919
Symphyotrichum pratense,264919
Symphyotrichum puniceum,64921
Symphyotrichum subspicatum,64922
Symphyotrichum tradescantii,99005
Symphyotrichum undulatum,264933
Symphyotrichum urophyllum,264934
Symphytum asperum,52527
Symphytum grandiflorum,52529
Symphytum officinale,52530
Symphytum uplandicum,52533
Symplocarpus foetidus,52536
Syntrichia latifolia,390585
Syntrichia norvegica,390586
Syntrichia princeps,390590
Syntrichia ruralis,390591
Syringa persica,52661
Syringa reticulata,52663
Syringa vulgaris,52666
Taenidia integerrima,71851
Tanacetum parthenium,53016
Tanacetum vulgare,53018
Taraxacum erythrospermum,53168
Taraxacum officinale,265470
Taraxacum palustre,53323
Taraxacum scanicum,53399
Taxiphyllum deplanatum,392007
Taxodium distichum,53523
Taxus baccata,53526
Taxus brevifolia,53527
Taxus canadensis,53528
Taxus cuspidata,53530
Teesdalia nudicaulis,53569
Tellima grandiflora,53590
Tephroseris palustris,53605
Ternstroemia gymnanthera,53790
Tetraclinis articulata,53837
Tetragonia tetragonoides,53866
Tetralophozia filiformis,392673
Tetralophozia setiformis,392674
Tetraphis geniculata,392714
Tetraphis pellucida,392715
Teucrium canadense,53946
Thalictrum dasycarpum,53983
Thalictrum dioicum,53984
Thalictrum occidentale,71956
Thalictrum pubescens,71957
Thalictrum venulosum,54009
Thelypteris palustris,393383
Thinopyrum intermedium,64933
Thuidium delicatulum,393878
Thuja occidentalis,54206
Thuja plicata,54208
Thujopsis dolabrata,54211
Thunbergia alata,54213
Thymus serpyllum,54268
Tiarella cordifolia,54299
Tiarella trifoliata,54300
Tilia americana,54321
Tilia cordata,54325
Timmia austriaca,394637
Timmiella crassinervis,394644
Tolmiea menziesii,54449
Tonestus lyallii,267261
Torilis arvensis,54487
Torilis japonica,54489
Torreya californica,54497
Torreyochloa pallida,54501
Tortella fragilis,394991
Tortella inclinata,394993
Tortella tortuosa,394996
Tortula amplexa,395001
Tortula hoppeana,395009
Tortula muralis,73093
Tortula truncata,395025
Toxicodendron radicans,54547
Toxicodendron rydbergii,54548
Toxicodendron vernix,100065
Toxicoscordion venenosum,100069
Trachybryum megaptilum,395198
Tradescantia fluminensis,54591
Tradescantia pallida,100089
Tradescantia virginiana,54596
Tragopogon dubius,54636
Tragopogon pratensis,54643
Triadenum fraseri,54691
Triantha glutinosa,100124
Triantha occidentalis,100126
Trichodon cylindricus,395665
Trichophorum alpinum,54835
Trichophorum cespitosum,54837
Trichostomum tenuirostre,395929
Trifolium arvense,54926
Trifolium aureum,54928
Trifolium campestre,54936
Trifolium dubium,54945
Trifolium eriocephalum,267784
Trifolium fragiferum,54948
Trifolium glanduliferum,54950
Trifolium hybridum,54956
Trifolium incarnatum,54957
Trifolium lupinaster,54962
Trifolium microcephalum,54970
Trifolium pratense,54991
Trifolium repens,54998
Trifolium resupinatum,54999
Trifolium semipilosum,55005
Trifolium strictum,55014
Trifolium subterraneum,55016
Trifolium wormskioldii,55028
Triglochin maritima,55033
Trillium albidum,100290
Trillium cernuum,55074
Trillium erectum,55076
Trillium grandiflorum,55078
Trillium ovatum,55080
Trillium undulatum,72103
Tripleurospermum inodorum,55128
Tripleurospermum maritimum,55129
Trisetum cernuum,55159
Trisetum spicatum,55164
Tritomaria exsecta,396647
Tritomaria exsectiformis,396648
Tropaeolum majus,55293
Tropaeolum tuberosum,55297
Tsuga canadensis,55316
Tsuga heterophylla,55323
Tsuga mertensiana,55325
Tulipa gesneriana,55334
Tulipa humilis,396985
Turritis glabra,72152
Tussilago farfara,55378
Typha angustifolia,55394
Typha latifolia,55399
Ulex europaeus,55432
Ulmus americana,55440
Ulmus glabra,55452
Ulmus minor,55465
Ulmus pumila,55471
Ulmus rubra,55473
Ulmus thomasii,55480
Ulota crispa,397317
Ulota hutchinsiae,397320
Ulota megalospora,397323
Ulota obtusiuscula,397324
Ulota phyllantha,397325
Ulota reptans,397327
Urtica dioica,55598
Urtica urens,55609
Utricularia intermedia,55627
Utricularia minor,55631
Utricularia purpurea,397797
Utricularia vulgaris,55648
Uvularia grandiflora,55675
Uvularia perfoliata,100665
Uvularia sessilifolia,55676
Vaccaria hispanica,55677
Vaccinium alaskaense,55681
Vaccinium angustifolium,55685
Vaccinium cespitosum,55698
Vaccinium corymbosum,55701
Vaccinium membranaceum,55730
Vaccinium myrtilloides,55735
Vaccinium ovalifolium,55739
Vaccinium ovatum,55740
Vaccinium oxycoccos,55741
Vaccinium pallidum,100695
Vaccinium parvifolium,55743
Vaccinium uliginosum,55752
Vaccinium vitis-idaea,268647
Valeriana officinalis,55773
Valeriana sitchensis,55788
Vallisneria americana,55810
Veratrum viride,72224
Verbascum arcturus,100795
Verbascum blattaria,55972
Verbascum nigrum,55994
Verbascum phlomoides,55995
Verbascum thapsus,56010
Verbena bracteata,56018
Verbena hastata,56026
Verbena simplex,56036
Verbena urticifolia,56039
Veronica agrestis,56226
Veronica alpina,56229
Veronica americana,56230
Veronica anagallis-aquatica,269407
Veronica arvensis,56236
Veronica chamaedrys,56242
Veronica filiformis,56247
Veronica longifolia,56258
Veronica officinalis,56262
Veronica peregrina,56267
Veronica persica,56268
Veronica scutellata,56276
Veronica serpyllifolia,56277
Veronica spicata,56279
Veronicastrum virginicum,56288
Viburnum acerifolium,56300
Viburnum carlesii,56306
Viburnum davidii,56311
Viburnum dentatum,56312
Viburnum edule,56314
Viburnum henryi,72288
Viburnum lantana,56319
Viburnum lantanoides,64953
Viburnum lentago,56320
Viburnum macrocephalum,100937
Viburnum nudum,64954
Viburnum odoratissimum,56322
Viburnum opulus,56323
Viburnum plicatum,56326
Viburnum rafinesquianum,56328
Viburnum rhytidophylloides,399208
Viburnum rhytidophyllum,56330
Viburnum sargentii,56334
Viburnum tinus,56340
Vicia americana,56348
Vicia cracca,56356
Vicia gigantea,56368
Vicia nigricans,56384
Vicia sativa,56395
Vicia sepium,56396
Vicia tetrasperma,56402
Vicia villosa,56406
Vinca major,56477
Vinca minor,56478
Vincetoxicum nigrum,56484
Vincetoxicum rossicum,100975
Viola adunca,56488
Viola arvensis,56491
Viola blanda,56498
Viola canadensis,56504
Viola canina,56505
Viola glabella,56521
Viola labradorica,101005
Viola lanceolata,56533
Viola macloskeyi,56536
Viola nephrophylla,269686
Viola odorata,56546
Viola palmata,56548
Viola palustris,56549
Viola pedatifida,56552
Viola pubescens,56562
Viola renifolia,269707
Viola riviniana,56568
Viola rostrata,269709
Viola sagittata,56572
Viola selkirkii,56576
Viola sempervirens,56577
Viola sororia,56580
Viola tricolor,56588
Vitis cordifolia,56734
Vitis labrusca,56736
Vitis riparia,269907
Vitis vinifera,56746
Vitis vulpina,56747
Vulpia bromoides,56829
Vulpia myuros,56838
Warnstorfia exannulata,60662
Warnstorfia fluitans,400603
Weigela floribunda,56948
Weigela florida,56949
Weissia controversa,400766
Woodsia alpina,57081
Woodsia ilvensis,57084
Woodsia scopulina,270404
Woodwardia fimbriata,270407
Xanthium strumarium,57128
Xanthocercis zambesiaca,57132
Xyris montana,101524
Zanthoxylum americanum,57389
Zea mays,57448
Zizania aquatica,64962
Zizania palustris,57523
Zizia aptera,57526
Zizia aurea,57527
Zostera marina,57606
Zygodon rupestris,402512
Zygodon viridissimus,402513
